variant,valid_ap,valid_roc_auc,valid_recall_at_5pct,valid_recall_at_10pct,test_ap,test_roc_auc,test_recall_at_5pct,test_recall_at_10pct,test_f1_at_threshold,test_precision_at_threshold,test_recall_at_threshold,test_ap_sd,n
B0-LR,0.3192886953697644,0.7920200199994345,0.24411134903640255,0.39614561027837264,0.21474218540651,0.722848099269152,0.16,0.2863157894736842,0.29315476190476186,0.22669735327963178,0.4147368421052631,3.3993498887762956e-17,3
B0-LGBM,0.2105704139277719,0.7098929507563198,0.1670235546038544,0.29336188436830835,0.1974041237331358,0.6758452074241547,0.15368421052631578,0.2673684210526316,0.2565104166666667,0.18567389255419417,0.4147368421052631,3.3993498887762956e-17,3
B1-TFIDF-S,0.5463648613877781,0.8846665004331498,0.398286937901499,0.5653104925053534,0.4400036643152769,0.8520002103159997,0.30736842105263157,0.4905263157894737,0.45264207377866406,0.42992424242424243,0.4778947368421053,0.0,3
B2-S,0.6161368165392672,0.8864494405899407,0.42969307637401855,0.6145610278372591,0.4746415012585448,0.8513793574846206,0.3473684210526316,0.528421052631579,0.4813366446890141,0.4532998625923271,0.52,0.017717022873076253,3
B3-S,0.6870823825314328,0.9119385798573534,0.4825124910778016,0.6673804425410421,0.5981824890892921,0.9089755157123579,0.42526315789473684,0.615438596491228,0.5797549411031349,0.6302506053264866,0.5368421052631579,0.023346219465356366,3
B4-S,0.6735967364686047,0.910808791753675,0.4696645253390435,0.6573875802997858,0.5900160481637718,0.9031999579368001,0.41192982456140353,0.608421052631579,0.5649743527934094,0.5884597331002758,0.5438596491228069,0.033963180018369614,3
B5-S,0.6687883609798783,0.9098136042425535,0.4668094218415417,0.660956459671663,0.5800201494823424,0.9018050020155283,0.4098245614035088,0.5901754385964912,0.5553180988479051,0.5748979013800753,0.5403508771929825,0.029405429582701887,3
L0-S,0.14019888278122036,0.6559011184773695,0.11349036402569593,0.20342612419700215,0.12488451045086342,0.6335226878384773,0.07368421052631578,0.16210526315789472,0.20660377358490567,0.1331306990881459,0.4610526315789474,,1
L1-S,0.2043392395341028,0.7182294045384036,0.1670235546038544,0.2833690221270521,0.17156021927131218,0.6765689748847644,0.14385964912280702,0.24421052631578946,0.2264092664100681,0.17081235810877504,0.33754385964912276,0.0063610989748900644,3
